Keyword,Avg. monthly searchers,Competition,Relevance,Page,Page (secondary),Fast Growth
YNAB,100k - 1M,Low,Medium,The story/inspo/philosophy/about,,
budget tracker,1k - 10k,High,High,Landing,Expense tracking / Spending / Budget,
budget app,100k - 1M,Low,High,Landing,Expense tracking / Spending / Budget,
budget plan app,1k - 10k,Medium,High,Expense tracking / Spending / Budget,Landing,
manual expense tracker,10 -100,High,Perfect,Manual Angle/Daily/Finzen Method/Mindfulness,Expense tracking / Spending / Budget,
personal finance tracker,1k - 10k,Medium,High,Landing,,
money tracking app,1k - 10k,High,High,Landing,Expense tracking / Spending / Budget,
personal finance tools,1k - 10k,Low,High,Landing,,
envelope budgeting,1k - 10k,Medium,Perfect,Expense tracking / Spending / Budget,Landing,
portfolio,100k - 1M,Low,Medium,Investment/Protfolio Net worth/Multi Asset,Landing,
investing,100k - 1M,Low,Medium,Investment/Protfolio Net worth/Multi Asset,Landing,
portfolio web,10K – 100K,Medium,High,Investment/Protfolio Net worth/Multi Asset,Landing,
invest in best,10K – 100K,Medium,Low/Forced,Investment/Protfolio Net worth/Multi Asset,,
net worth tracking,1k - 10k,High,High,Investment/Protfolio Net worth/Multi Asset,Visual Insights/Charts/Sankey,
investment tracker,1k - 10k,High,High,Investment/Protfolio Net worth/Multi Asset,Visual Insights/Charts/Sankey,
personal financial management,1k - 10k,Medium,High,For Beginners/Simple/Easy/Fast,Landing,
personal finance plan,1k - 10k,Low,High,For Beginners/Simple/Easy/Fast,The story/inspo/philosophy/about,
money manager pc,100 - 1k,Medium,High,Landing,Investment/Protfolio Net worth/Multi Asset,
finance management,10K – 100K,Low,High,Landing,For Beginners/Simple/Easy/Fast,
personal finance manager,1k - 10k,Medium,High,Landing,,
Investment monitor,100 - 1k,Low,High,Investment/Protfolio Net worth/Multi Asset,Visual Insights/Charts/Sankey,
budgeting and investing,100 - 1k,Low,High,Landing,,
invest budget,10 -100,Low,High,Landing,For Beginners/Simple/Easy/Fast,
online investment monitor,10 -100,-,High,Landing,Investment/Protfolio Net worth/Multi Asset,
track money,1k - 10k,High,High,Expense tracking / Spending / Budget,,
track spending,1k - 10k,High,High,Expense tracking / Spending / Budget,,
budgeting for beginners,1k - 10k,High,High,For Beginners/Simple/Easy/Fast,Expense tracking / Spending / Budget,
how to manage personal finances,100 - 1k,Low,High,For Beginners/Simple/Easy/Fast,Landing,
how to stop overspending,100 - 1k,Medium,High,For Beginners/Simple/Easy/Fast,Expense tracking / Spending / Budget,
personal finance for beginners,100 - 1k,High,High,For Beginners/Simple/Easy/Fast,,
simple budgeting app,1k - 10k,Medium,Medium,For Beginners/Simple/Easy/Fast,,
easy budgeting app,100 - 1k,High,Medium,For Beginners/Simple/Easy/Fast,,
manual budget tracker,10 -100,High,Perfect,Manual Angle/Daily/Finzen Method/Mindfulness,Landing,
budgeting app without bank sync,10 -100,Medium,Perfect,Manual Angle/Daily/Finzen Method/Mindfulness,,
simple personal finance app,10 -100,Low,High,For Beginners/Simple/Easy/Fast,,
all in one personal finance app,10 -100,Low,High,Landing,,
budgeting app,100k - 1M,Low,High,Expense tracking / Spending / Budget,Landing,
personal finance app,10K – 100K,Low,High,Landing,,
financial planning,10K – 100K,Medium,High,Landing,Visual Insights/Charts/Sankey,
fi planning,10K – 100K,Medium,Low/Forced,Landing,Investment/Protfolio Net worth/Multi Asset,
manage money,1k - 10k,Low,Medium,Expense tracking / Spending / Budget,Visual Insights/Charts/Sankey,
finance app,1k - 10k,Low,Medium,Landing,,
expense tracking,1k - 10k,Medium,High,Expense tracking / Spending / Budget,,
money tracker,1k - 10k,High,High,Expense tracking / Spending / Budget,,
finance dashboard,1k - 10k,Medium,Medium,Landing,Visual Insights/Charts/Sankey,
budget planner,10K – 100K,High,High,Expense tracking / Spending / Budget,,
money management software,1k - 10k,High,High,Landing,,
expense tracker pc,10 -100,High,High,Landing,,
money manager windows,10 -100,Low,Medium,Landing,,
secure finance app,100 - 1k,Low,High,Privacy/security/encryption/EU,,
private finance app,10 -100,Medium,High,Privacy/security/encryption/EU,,
financial analytics,1k - 10k,Low,Medium,Visual Insights/Charts/Sankey,,
portfoliomanagement software,1k - 10k,Medium,Medium,Investment/Protfolio Net worth/Multi Asset,,
portfoliomanagement tools,1k - 10k,Medium,Medium,Investment/Protfolio Net worth/Multi Asset,,
expense analysis,100 - 1k,Medium,High,Expense tracking / Spending / Budget,,
money charts,1k - 10k,Medium,Medium,Visual Insights/Charts/Sankey,,
expense charts,100 - 1k,High,High,Visual Insights/Charts/Sankey,Expense tracking / Spending / Budget,
personal finance charts,100 - 1k,Low,High,Visual Insights/Charts/Sankey,,
money flow chart,100 - 1k,Low,Perfect,Visual Insights/Charts/Sankey,,
budget visualization,10 -100,Low,High,Visual Insights/Charts/Sankey,Expense tracking / Spending / Budget,
visual money tracker,10 -100,High,High,Visual Insights/Charts/Sankey,,
visual budget,10 -100,Low,High,Visual Insights/Charts/Sankey,Expense tracking / Spending / Budget,
budget sankey,10 -100,Low,Perfect,Visual Insights/Charts/Sankey,,
daily expense tracker,1k - 10k,High,High,Manual Angle/Daily/Finzen Method/Mindfulness,Expense tracking / Spending / Budget,
conscious spending,100 - 1k,Low,High,Manual Angle/Daily/Finzen Method/Mindfulness,,
mindful budgeting,10 -100,Low,High,Manual Angle/Daily/Finzen Method/Mindfulness,,
intentional spending,10 -100,Low,Medium,Manual Angle/Daily/Finzen Method/Mindfulness,Expense tracking / Spending / Budget,
financial peace planner,100 - 1k,High,Medium,Manual Angle/Daily/Finzen Method/Mindfulness,,
financial stress relief,10 -100,Low,Medium,Manual Angle/Daily/Finzen Method/Mindfulness,,
take control of finances,10 -100,Medium,High,Manual Angle/Daily/Finzen Method/Mindfulness,,
cash flow forecasting tool,100 - 1k,Low,Medium,Expense tracking / Spending / Budget,,
financial independence calculator,1k - 10k,Medium,Medium,Visual Insights/Charts/Sankey,Investment/Protfolio Net worth/Multi Asset,
financial freedom calculator,100 - 1k,Medium,Medium,Visual Insights/Charts/Sankey,Investment/Protfolio Net worth/Multi Asset,
wealth building app,10 -100,Medium,High,Investment/Protfolio Net worth/Multi Asset,,
spending tracker,1k - 10k,High,High,Expense tracking / Spending / Budget,For Beginners/Simple/Easy/Fast,
spending plan,1k - 10k,Low,High,Expense tracking / Spending / Budget,For Beginners/Simple/Easy/Fast,
wealth tracker,1k - 10k,Low,Perfect,Investment/Protfolio Net worth/Multi Asset,,
portfolio tracker,1k - 10k,High,Perfect,Investment/Protfolio Net worth/Multi Asset,,
asset tracker,1k - 10k,High,Perfect,Investment/Protfolio Net worth/Multi Asset,,
finance planner,1k - 10k,Medium,Medium,Investment/Protfolio Net worth/Multi Asset,,
app crypto portfolio,10 -100,Medium,Medium,Investment/Protfolio Net worth/Multi Asset,,
app crypto tracker,10 -100,-,Medium,Investment/Protfolio Net worth/Multi Asset,,
crypto tracker,1k - 10k,Low,High,Investment/Protfolio Net worth/Multi Asset,,
stock tracker,10K – 100K,Low,High,Investment/Protfolio Net worth/Multi Asset,,
gold tracker,1k - 10k,Low,High,Investment/Protfolio Net worth/Multi Asset,,
forex tracker,1k - 10k,Low,High,Investment/Protfolio Net worth/Multi Asset,,
portfolio analysis,1k - 10k,Low,High,Investment/Protfolio Net worth/Multi Asset,,
analyse portfolio,1k - 10k,Low,Perfect,Investment/Protfolio Net worth/Multi Asset,,
commodities tracker,100 - 1k,Low,High,Investment/Protfolio Net worth/Multi Asset,,
silver tracker,100 - 1k,Low,High,Investment/Protfolio Net worth/Multi Asset,,
wealth management,10K – 100K,Low,High,Investment/Protfolio Net worth/Multi Asset,Landing,
savings tracker,1k - 10k,High,Medium,Investment/Protfolio Net worth/Multi Asset,,
financial goals,1k - 10k,Low,Medium,Investment/Protfolio Net worth/Multi Asset,Manual Angle/Daily/Finzen Method/Mindfulness,
financial habits,100 - 1k,Low,High,Manual Angle/Daily/Finzen Method/Mindfulness,,
spending habits,100 - 1k,Low,High,Manual Angle/Daily/Finzen Method/Mindfulness,Expense tracking / Spending / Budget,
financial wellness app,100 - 1k,Low,High,Manual Angle/Daily/Finzen Method/Mindfulness,,
debt tracker,1k - 10k,High,Medium,Investment/Protfolio Net worth/Multi Asset,,
savings goal app,100 - 1k,Medium,Medium,Manual Angle/Daily/Finzen Method/Mindfulness,,
financial goal tracker,100 - 1k,High,High,Manual Angle/Daily/Finzen Method/Mindfulness,,
web budget app,10 -100,Medium,High,Expense tracking / Spending / Budget,,
fast budget web app,10 -100,Low,High,For Beginners/Simple/Easy/Fast,Expense tracking / Spending / Budget,
savings,100k - 1M,Low,Medium,Investment/Protfolio Net worth/Multi Asset,,
investments,100k - 1M,Low,High,Investment/Protfolio Net worth/Multi Asset,,
budgeting,10K – 100K,Low,High,Expense tracking / Spending / Budget,,
finances,10K – 100K,Low,High,For Beginners/Simple/Easy/Fast,,
cashflow,10K – 100K,Low,High,Expense tracking / Spending / Budget,Visual Insights/Charts/Sankey,
networth,10K – 100K,Low,High,Investment/Protfolio Net worth/Multi Asset,Visual Insights/Charts/Sankey,
expenses,10K – 100K,Low,High,Expense tracking / Spending / Budget,,
zero based budgeting,10K – 100K,Low,Perfect,Expense tracking / Spending / Budget,,
category budgeting,1k - 10k,High,High,Expense tracking / Spending / Budget,,
spending categories,100 - 1k,Low,High,Expense tracking / Spending / Budget,,
expense categories,1k - 10k,Low,High,Expense tracking / Spending / Budget,,
monthly spending,100 - 1k,Low,High,Expense tracking / Spending / Budget,Visual Insights/Charts/Sankey,
investment returns,10K – 100K,Low,High,Investment/Protfolio Net worth/Multi Asset,Visual Insights/Charts/Sankey,
roi investing,10K – 100K,Low,High,Investment/Protfolio Net worth/Multi Asset,Visual Insights/Charts/Sankey,
investment portfolio,1k - 10k,Medium,High,Investment/Protfolio Net worth/Multi Asset,Visual Insights/Charts/Sankey,
stock portfolio,1k - 10k,Medium,High,Investment/Protfolio Net worth/Multi Asset,,
crypto portfolio,1k - 10k,Medium,High,Investment/Protfolio Net worth/Multi Asset,,
portfolio performance,1k - 10k,Low,Perfect,Investment/Protfolio Net worth/Multi Asset,,
asset allocation,1k - 10k,Low,Medium,Investment/Protfolio Net worth/Multi Asset,Visual Insights/Charts/Sankey,
market tracking,1k - 10k,Low,High,Expense tracking / Spending / Budget,For Beginners/Simple/Easy/Fast,
portfolio performance app,100 - 1k,Medium,High,Investment/Protfolio Net worth/Multi Asset,,
portfolio tracking,100 - 1k,High,Perfect,Investment/Protfolio Net worth/Multi Asset,,
portfolio crypto,100 - 1k,Medium,High,Investment/Protfolio Net worth/Multi Asset,,
my portfolio performance,10 -100,High,High,Investment/Protfolio Net worth/Multi Asset,,
cash flow analysis,1k - 10k,Medium,High,Expense tracking / Spending / Budget,Visual Insights/Charts/Sankey,
spending reports,100 - 1k,Low,High,Expense tracking / Spending / Budget,Visual Insights/Charts/Sankey,
financial insights,100 - 1k,Low,Medium,Investment/Protfolio Net worth/Multi Asset,Landing,
expense breakdown,100 - 1k,Low,High,Expense tracking / Spending / Budget,Visual Insights/Charts/Sankey,
budget analysis,100 - 1k,Low,High,Expense tracking / Spending / Budget,Visual Insights/Charts/Sankey,
financial overview,100 - 1k,Low,High,Landing,Investment/Protfolio Net worth/Multi Asset,
money analytics,10 -100,Low,High,Landing,The story/inspo/philosophy/about,
private budgeting,10 -100,Low,High,Privacy/security/encryption/EU,,
envelope budget system,1k - 10k,High,Perfect,Expense tracking / Spending / Budget,,
paycheck to paycheck,1k - 10k,Low,High,For Beginners/Simple/Easy/Fast,Expense tracking / Spending / Budget,
cash envelope budgeting,100 - 1k,Medium,High,Expense tracking / Spending / Budget,,
cost of living tracker,10 -100,Low,Medium,Expense tracking / Spending / Budget,Visual Insights/Charts/Sankey,
monthly financial report,100 - 1k,Low,Perfect,Visual Insights/Charts/Sankey,,
multi asset portfolio,100 - 1k,Medium,High,Investment/Protfolio Net worth/Multi Asset,,
portfolio allocation tool,100 - 1k,Medium,High,Investment/Protfolio Net worth/Multi Asset,Visual Insights/Charts/Sankey,
precious metals tracker,10 -100,Low,High,Investment/Protfolio Net worth/Multi Asset,,
where does my money go,10 -100,Low,High,Expense tracking / Spending / Budget,Manual Angle/Daily/Finzen Method/Mindfulness,
anxious about money,100 - 1k,Low,High,Manual Angle/Daily/Finzen Method/Mindfulness,,
financial peace of mind,10 -100,Low,High,Manual Angle/Daily/Finzen Method/Mindfulness,,
stop impulse buying,100 - 1k,Low,High,Manual Angle/Daily/Finzen Method/Mindfulness,Expense tracking / Spending / Budget,
simple money management,10 -100,High,Medium,Expense tracking / Spending / Budget,For Beginners/Simple/Easy/Fast,
financial simplicity,10 -100,Low,High,Manual Angle/Daily/Finzen Method/Mindfulness,,
cash flow visual,10 -100,Low,High,Visual Insights/Charts/Sankey,,
budgeting made simple,100 - 1k,High,High,For Beginners/Simple/Easy/Fast,Expense tracking / Spending / Budget,
budget application,100k - 1M,Low,Perfect,Expense tracking / Spending / Budget,,
financial freedom,100k - 1M,Low,High,Manual Angle/Daily/Finzen Method/Mindfulness,,
budget software,10K – 100K,Low,Perfect,Expense tracking / Spending / Budget,,
personal finance software,10K – 100K,Low,Perfect,Landing,,
budget programs,10K – 100K,Low,High,Expense tracking / Spending / Budget,,
personal finance management software,10K – 100K,Low,Perfect,Landing,Manual Angle/Daily/Finzen Method/Mindfulness,
budget calculator,10K – 100K,Low,High,Expense tracking / Spending / Budget,,
budget sheet,10K – 100K,High,High,Expense tracking / Spending / Budget,,
monthly budget template,10K – 100K,High,Medium,Expense tracking / Spending / Budget,,
personal finance programs,10K – 100K,Low,High,Landing,Visual Insights/Charts/Sankey,
need a budget,10K – 100K,Medium,High,Expense tracking / Spending / Budget,For Beginners/Simple/Easy/Fast,
personal budget app,1k - 10k,Medium,High,Expense tracking / Spending / Budget,For Beginners/Simple/Easy/Fast,
online financial planning tools,100 - 1k,Low,High,Landing,,*
desktop personal finance software,100 - 1k,Low,High,Landing,,*
personal finance guide,100 - 1k,Low,High,For Beginners/Simple/Easy/Fast,Landing,*
online budget calculator,1k - 10k,Low,High,Expense tracking / Spending / Budget,,*
financial planning tools for individuals,10 -100,Low,High,Landing,,*
budget system,1k - 10k,Low,High,Expense tracking / Spending / Budget,,*
budget calculator app,100 - 1k,Low,Medium,Expense tracking / Spending / Budget,,*
envelope budget app,100 - 1k,Low,High,Expense tracking / Spending / Budget,,*
personal finance tracking apps,100 - 1k,Low,High,Expense tracking / Spending / Budget,,*
personal accounting software,10 -100,Low,Medium,Landing,,*
financial budgeting apps,100 - 1k,Low,High,Expense tracking / Spending / Budget,,*
personal accounting software,10 -100,Low,Medium,Landing,,*
bookkeeping software for home use,10 -100,Low,Medium,Landing,,*
budget your money,10 -100,Low,High,Expense tracking / Spending / Budget,For Beginners/Simple/Easy/Fast,*
help me save money,10 -100,Low,High,Expense tracking / Spending / Budget,Manual Angle/Daily/Finzen Method/Mindfulness,*
online financial advice,10 -100,Low,High,Landing,,*
i need a financial planner,10 -100,Low,High,Landing,,*
savings plan,100 - 1k,Low,Medium,Investment/Protfolio Net worth/Multi Asset,,*
financial well being,100 - 1k,Low,High,Manual Angle/Daily/Finzen Method/Mindfulness,,*
savings and investment,10 -100,Low,High,Landing,,*
invest savings,10 -100,Low,High,Investment/Protfolio Net worth/Multi Asset,,*
savings tracker app,10 -100,Low,Medium,Landing,,
personal budget app,10 -100,Low,High,Expense tracking / Spending / Budget,,*
personal money management software,10 -100,Low,High,Landing,,*
personal finance programs,10 -100,Low,High,Landing,,*
budget management,100 - 1k,Low,High,Expense tracking / Spending / Budget,,
investment planner,100 - 1k,Low,High,Investment/Protfolio Net worth/Multi Asset,,
my securities,1k - 10k,Low,High,Investment/Protfolio Net worth/Multi Asset,,*
my portfolio,100 - 1k,Low,High,Investment/Protfolio Net worth/Multi Asset,,
portfolio management,1k - 10k,Low,High,Investment/Protfolio Net worth/Multi Asset,,
portfolio mgmt,1k - 10k,Low,Medium,Investment/Protfolio Net worth/Multi Asset,,
etf portfolio,1k - 10k,Medium,Medium,Investment/Protfolio Net worth/Multi Asset,,
blockfolio alternative,10 -100,Low,High,Investment/Protfolio Net worth/Multi Asset,The story/inspo/philosophy/about,
blockfolio,100 - 1k,Low,Perfect,The story/inspo/philosophy/about,,
ynab4,100 - 1k,Low,High,The story/inspo/philosophy/about,,
investing for beginners,10K – 100K,High,High,For Beginners/Simple/Easy/Fast,,
investing for beginners,1k - 10k,Medium,High,For Beginners/Simple/Easy/Fast,,
why am i poor,100 - 1k,Low,High,For Beginners/Simple/Easy/Fast,Manual Angle/Daily/Finzen Method/Mindfulness,
how much should i invest,100 - 1k,Low,Medium,For Beginners/Simple/Easy/Fast,,
,,,,,,
,,,,,,
,,,,,,
Page Ideas,,,,,,
*For Beginners/Simple/Easy/Fast,,,,,,
*Privacy/security/encryption/EU,,,,,,
*Expense tracking / Spending,,,,,,
*Investment/Protfolio Net worth/Multi Asset,,,,,,
*Manual Angle/Daily/Finzen Method/Mindfulness,,,,,,
*Visual Insights/Charts/Sankey,,,,,,
*The story/inspo/philosophy/about,,,,,,
,,,,,,
,,,,,,
,,,,,,
"Landing Page: all-in-one-ness, full pitch",,,,,,